date,hour_start,congestion_raw_sum,congestion_raw_mean,segment_count
2024-08-01,0,114.56261521502681,0.020109288259615027,5697
2024-08-01,1,77.55696633063637,0.016400288925911687,4729
2024-08-01,2,70.58138847674124,0.01653347118218347,4269
2024-08-01,3,60.47224461846381,0.01654507376702156,3655
2024-08-01,4,68.72335078019304,0.019191106054228718,3581
2024-08-01,5,79.98934218977827,0.0164485589532754,4863
2024-08-01,6,86.80018181221503,0.014141443762172537,6138
2024-08-01,7,104.43829348388695,0.014813942338139994,7050
2024-08-01,8,95.9226482675153,0.012584970908884191,7622
2024-08-01,9,124.66209664263769,0.016021346439100075,7781
2024-08-01,10,122.77794841956057,0.0158341434639619,7754
2024-08-01,11,117.58760265734479,0.015300924223467117,7685
2024-08-01,12,114.52031805108916,0.014784445914160749,7746
2024-08-01,13,106.5522240368976,0.013379234560132798,7964
2024-08-01,14,110.66334760279304,0.014193067539155193,7797
2024-08-01,15,110.66105408677426,0.014304686412457893,7736
2024-08-01,16,132.92516752056073,0.016811074683263025,7907
2024-08-01,17,117.46858629380777,0.014805720480691679,7934
2024-08-01,18,109.15077925193174,0.013790370088683732,7915
2024-08-01,19,110.98575921627602,0.014185296423348162,7824
2024-08-01,20,103.78799963085096,0.01393688728761259,7447
2024-08-01,21,89.35013026373461,0.012370224320051864,7223
2024-08-01,22,121.87689212258394,0.018101424643187872,6733
2024-08-01,23,121.83823738601912,0.01919316909042519,6348
2024-08-02,0,84.09388278697553,0.014660718756446221,5736
2024-08-02,1,82.7444969517829,0.015573968935024074,5313
2024-08-02,2,69.15401674536695,0.01488463554570963,4646
2024-08-02,3,80.15742769472394,0.019723776499686006,4064
2024-08-02,4,56.39887280111626,0.014532046586219084,3881
2024-08-02,5,93.14462924923023,0.019177399474826072,4857
2024-08-02,6,94.55105926365592,0.015813858381611628,5979
2024-08-02,7,91.16280619537268,0.013000970649653833,7012
2024-08-02,8,123.54059591912662,0.01638904164488281,7538
2024-08-02,9,117.72603351090217,0.015401103285047379,7644
2024-08-02,10,126.70218135117764,0.016555884143627027,7653
2024-08-02,11,125.40610562623503,0.016305565677575743,7691
2024-08-02,12,113.80202170440796,0.014578788330054824,7806
2024-08-02,13,132.4979710604772,0.016788896485108618,7892
2024-08-02,14,112.0398852738695,0.01429444823601295,7838
2024-08-02,15,117.58080670569146,0.014997551875725951,7840
2024-08-02,16,111.66073315575558,0.0143412192596655,7786
2024-08-02,17,104.90384329929887,0.013193792390806047,7951
2024-08-02,18,125.40276984975232,0.01579181083613554,7941
2024-08-02,19,103.19185980399863,0.013158870161183197,7842
2024-08-02,20,133.7507100808081,0.017417724974711304,7679
2024-08-02,21,107.47938411161338,0.014557684425249002,7383
2024-08-02,22,104.38017407553508,0.014881690059243667,7014
2024-08-02,23,114.83977755693877,0.01707654684861543,6725
2024-08-03,0,98.02085938551205,0.015648285342514695,6264
2024-08-03,1,81.88769528230722,0.013995504235567804,5851
2024-08-03,2,81.04977002236161,0.014645784246903075,5534
2024-08-03,3,88.94392935690335,0.017446828041762133,5098
2024-08-03,4,88.3705849251424,0.01976528403604169,4471
2024-08-03,5,72.53350071696815,0.01559189611284784,4652
2024-08-03,6,99.19594550576237,0.01812791401786593,5472
2024-08-03,7,106.5009799385114,0.016907601196779077,6299
2024-08-03,8,111.52055934483258,0.01608083047510203,6935
2024-08-03,9,127.78834055378192,0.01750045748476882,7302
2024-08-03,10,86.52615996178913,0.011575406014955068,7475
2024-08-03,11,138.991031983846,0.01840697020048285,7551
2024-08-03,12,92.69544114087964,0.012164756055233547,7620
2024-08-03,13,135.16294784518718,0.0170746523301146,7916
2024-08-03,14,129.54665124638484,0.016674816739140796,7769
2024-08-03,15,112.35098658864432,0.014728760695941836,7628
2024-08-03,16,119.5196739915805,0.015662386842036496,7631
2024-08-03,17,132.21126716981334,0.017352837271270946,7619
2024-08-03,18,96.64889270707387,0.012938272116074146,7470
2024-08-03,19,119.04851255595568,0.015981811324467136,7449
2024-08-03,20,116.17715881563859,0.015471721775954001,7509
2024-08-03,21,117.81258949661337,0.016183048007776563,7280
2024-08-03,22,115.23853064501287,0.016297345586906077,7071
2024-08-03,23,98.97552414118958,0.014980403230087723,6607
2024-08-04,0,98.46245403892513,0.015542613107959768,6335
2024-08-04,1,106.80250217954502,0.017457094177761527,6118
2024-08-04,2,102.17883330152023,0.016880692764169872,6053
2024-08-04,3,90.95810412357659,0.01631828204585156,5574
2024-08-04,4,78.73684491445977,0.01611148862583584,4887
2024-08-04,5,78.03282183232334,0.016480004610839143,4735
2024-08-04,6,88.90047140175874,0.0170503397395011,5214
2024-08-04,7,115.79617702234059,0.02109219982191996,5490
2024-08-04,8,116.23112116452295,0.018948666639146225,6134
2024-08-04,9,121.14623889244135,0.018646488978365607,6497
2024-08-04,10,121.70820271328961,0.01798023381788885,6769
2024-08-04,11,116.03905404474101,0.016364272182307293,7091
2024-08-04,12,116.1919806497193,0.016312225277231404,7123
2024-08-04,13,99.4472686191056,0.013478892466671943,7378
2024-08-04,14,101.71643967909391,0.013745464821499177,7400
2024-08-04,15,122.49141067273622,0.01661125721084028,7374
2024-08-04,16,127.54235264337812,0.017517147732918296,7281
2024-08-04,17,111.87477313942416,0.015202442334478077,7359
2024-08-04,18,106.31358901690872,0.014661920978748962,7251
2024-08-04,19,122.29428272488522,0.01665907679129345,7341
2024-08-04,20,124.64864030443715,0.017185804536665815,7253
2024-08-04,21,106.86089475287238,0.015373456301664852,6951
2024-08-04,22,109.85548185078942,0.0168722902550744,6511
2024-08-04,23,122.07618423965548,0.019654835652818465,6211
2024-08-05,0,91.9870396191365,0.017187413979659286,5352
2024-08-05,1,82.79772993102858,0.017991684035425594,4602
2024-08-05,2,75.72932305056614,0.018965520423382454,3993
2024-08-05,3,85.29722753910582,0.02260726942462386,3773
2024-08-05,4,55.864800444221565,0.015807809972898008,3534
2024-08-05,5,74.76802478202426,0.016079145114413818,4650
2024-08-05,6,102.62747406114117,0.015810733948719947,6491
2024-08-05,7,100.41666357889542,0.01390427355011014,7222
2024-08-05,8,103.28717887843236,0.01357077636032484,7611
2024-08-05,9,124.01902726852259,0.016098004577949455,7704
2024-08-05,10,112.28701112122138,0.014975594974822804,7498
2024-08-05,11,112.73231473442594,0.0148644929765857,7584
2024-08-05,12,113.74486034267551,0.014876387698492742,7646
2024-08-05,13,125.02263931136106,0.01585575641234763,7885
2024-08-05,14,107.59249718905446,0.01373755071361778,7832
2024-08-05,15,117.37428535864022,0.015213776456077799,7715
2024-08-05,16,113.66072860735257,0.014630033287083611,7769
2024-08-05,17,127.58961677586083,0.016602422482220016,7685
2024-08-05,18,110.48084122996501,0.013961941265002529,7913
2024-08-05,19,115.1569429881516,0.014961276209971626,7697
2024-08-05,20,105.76891074613341,0.014316311687348865,7388
2024-08-05,21,124.26503536185356,0.01762374632844328,7051
2024-08-05,22,111.40675652623248,0.016790769634699696,6635
2024-08-05,23,94.05274531999983,0.01590878642083894,5912
2024-08-06,0,84.2797806810437,0.017456458301790326,4828
2024-08-06,1,68.29469627299864,0.01664100786379109,4104
2024-08-06,2,62.75862248690292,0.017095783842795673,3671
2024-08-06,3,57.40326157619391,0.018351426335100354,3128
2024-08-06,4,67.39110481538093,0.01882433095401702,3580
2024-08-06,5,71.65052959523098,0.015212426665654135,4710
2024-08-06,6,80.22318481287667,0.012484155744300757,6426
2024-08-06,7,99.86301952191452,0.013730650284877565,7273
2024-08-06,8,94.51482570864474,0.012485445932449766,7570
2024-08-06,9,107.7697753710361,0.01393094304175751,7736
2024-08-06,10,105.0683733866496,0.013734427893679686,7650
2024-08-06,11,128.82057589270252,0.016769145521049533,7682
2024-08-06,12,141.02686152965484,0.018274829795212496,7717
2024-08-06,13,108.87424868222409,0.013792025422121117,7894
2024-08-06,14,92.57972839174832,0.011890537938832303,7786
2024-08-06,15,99.56840917714418,0.012667736536532338,7860
2024-08-06,16,112.80765272435816,0.014414471342238456,7826
2024-08-06,17,106.20573196165569,0.013567415937871192,7828
2024-08-06,18,95.12841173487548,0.011947803533644245,7962
2024-08-06,19,102.99702068600851,0.013115627236216542,7853
2024-08-06,20,104.38612828980679,0.014239002631265419,7331
2024-08-06,21,114.22852204816111,0.016093057487765725,7098
2024-08-06,22,115.58349948191075,0.017782076843370884,6500
2024-08-06,23,111.10146075431737,0.018814811304710816,5905
2024-08-07,0,87.87518416103909,0.016225107858389785,5416
2024-08-07,1,79.68494838373286,0.017621616183930308,4522
2024-08-07,2,83.39153408550102,0.0199692370894399,4176
2024-08-07,3,65.49896193234038,0.01955192893502698,3350
2024-08-07,4,56.98013810177415,0.01578397177334464,3610
2024-08-07,5,97.39178931020182,0.020349308255370208,4786
2024-08-07,6,93.64810817817691,0.014543890072709568,6439
2024-08-07,7,88.3380332854267,0.012199700771361234,7241
2024-08-07,8,82.50799400479758,0.01082782073553774,7620
2024-08-07,9,117.70585441460359,0.015242923389614554,7722
2024-08-07,10,92.19190755798174,0.011943504023575817,7719
2024-08-07,11,113.74845375880119,0.014888541067905915,7640
2024-08-07,12,118.27944692291456,0.015445213753318695,7658
2024-08-07,13,98.29078342474646,0.012516335594644908,7853
2024-08-07,14,95.4323699003165,0.012272681314341114,7776
2024-08-07,15,119.39634027131879,0.015346573299655372,7780
2024-08-07,16,118.88455708869746,0.01537764287785506,7731
2024-08-07,17,111.78538337520753,0.014298462954106873,7818
2024-08-07,18,122.60333294052187,0.015458748321841112,7931
2024-08-07,19,105.92839681925206,0.013500942750350759,7846
2024-08-07,20,131.9342951698447,0.017472426853376334,7551
2024-08-07,21,125.08511381904889,0.01765242927166933,7086
2024-08-07,22,118.87078886453882,0.017940052650851013,6626
2024-08-07,23,81.2794845963427,0.01364207529310888,5958
2024-08-08,0,85.33332436063341,0.01579661687534865,5402
2024-08-08,1,98.96466109827601,0.020367289791783497,4859
2024-08-08,2,79.8900942078932,0.01903958393896406,4196
2024-08-08,3,77.43767869371901,0.020035621912993275,3865
2024-08-08,4,61.27175225334204,0.01704360285211183,3595
2024-08-08,5,73.35832739334101,0.016403919363448347,4472
2024-08-08,6,73.36103807262407,0.011589421496465097,6330
2024-08-08,7,101.78822919719235,0.014248072396023565,7144
2024-08-08,8,73.34805090258625,0.009768018498147056,7509
2024-08-08,9,99.52745912515651,0.013100889709774452,7597
2024-08-08,10,123.69991342280107,0.016579535373649788,7461
2024-08-08,11,115.67028930356064,0.015432993903076803,7495
2024-08-08,12,115.64675953204393,0.015479421701518396,7471
2024-08-08,13,115.8320821188432,0.014926814706036495,7760
2024-08-08,14,105.4644374309756,0.013557582906668671,7779
2024-08-08,15,108.74667280775562,0.014224548437901323,7645
2024-08-08,16,112.84939545273758,0.014574376269241584,7743
2024-08-08,17,119.46026293764483,0.015337047494883146,7789
2024-08-08,18,105.01961017198857,0.013315533177632633,7887
2024-08-08,19,117.50142080398587,0.01535966285019423,7650
2024-08-08,20,113.13405937005868,0.015367299561268498,7362
2024-08-08,21,123.81837236883186,0.01730031750298056,7157
2024-08-08,22,96.60280773107871,0.014601391736861959,6616
2024-08-08,23,114.40392438649704,0.018807155085730238,6083
2024-08-09,0,94.20615741735071,0.016888877270948496,5578
2024-08-09,1,93.60373571915964,0.01824989973077786,5129
2024-08-09,2,74.109922007478,0.016417793975958796,4514
2024-08-09,3,68.87786222986125,0.017340851518091956,3972
2024-08-09,4,61.582494177471716,0.01687191621300595,3650
2024-08-09,5,78.68633661287,0.016852931379925037,4669
2024-08-09,6,94.91294957920728,0.015096699471800108,6287
2024-08-09,7,108.0936223013496,0.015404535029407097,7017
2024-08-09,8,83.80686508643464,0.011226639663286624,7465
2024-08-09,9,117.27966423316259,0.015591553341287236,7522
2024-08-09,10,103.19384166343889,0.013845946821875605,7453
2024-08-09,11,112.97783640748234,0.014940205819555984,7562
2024-08-09,12,136.1241311973306,0.017625810073459872,7723
2024-08-09,13,122.25175011302531,0.015754091509410477,7760
2024-08-09,14,118.09158625449618,0.015134126137959268,7803
2024-08-09,15,125.31345278158052,0.016055535269901413,7805
2024-08-09,16,112.3627986776022,0.014549112867745979,7723
2024-08-09,17,122.59740942605326,0.015473609671343338,7923
2024-08-09,18,116.6344700977874,0.014763856974403468,7900
2024-08-09,19,117.53618386149282,0.014984215178670681,7844
2024-08-09,20,93.56582304714561,0.012335639162445037,7585
2024-08-09,21,118.51487207077956,0.01605892575484818,7380
2024-08-09,22,91.34969624307031,0.013106125716365899,6970
2024-08-09,23,124.50828773836663,0.01868091338910227,6665
2024-08-10,0,103.69997567461675,0.01634357378638562,6345
2024-08-10,1,93.82779551141037,0.015614544102414774,6009
2024-08-10,2,96.35551746795755,0.017117697187414738,5629
2024-08-10,3,76.2306565305796,0.015273623829008133,4991
2024-08-10,4,70.72231347410474,0.015698626742309596,4505
2024-08-10,5,101.94352038857733,0.021653254118219483,4708
2024-08-10,6,91.88372815009753,0.017155289049682138,5356
2024-08-10,7,100.22824419724554,0.01590167288549033,6303
2024-08-10,8,93.61882563600943,0.013379852170360073,6997
2024-08-10,9,128.26408300167967,0.017723377504722904,7237
2024-08-10,10,138.2094580200145,0.018469792599226847,7483
2024-08-10,11,133.84577307792125,0.01760433685096952,7603
2024-08-10,12,102.03746197177254,0.013138998451168239,7766
2024-08-10,13,101.12087840169127,0.012994201799240719,7782
2024-08-10,14,121.24715757828885,0.015536539925459874,7804
2024-08-10,15,112.09191148412297,0.014614330050081222,7670
2024-08-10,16,112.90056184218129,0.014924066337366992,7565
2024-08-10,17,106.01737148169519,0.014257311925994512,7436
2024-08-10,18,119.21025833250474,0.01615753027006028,7378
2024-08-10,19,114.9592406607605,0.01551197418172453,7411
2024-08-10,20,116.0571653249746,0.01582669648506404,7333
2024-08-10,21,114.53147745447582,0.01613573928634486,7098
2024-08-10,22,102.14350398430344,0.014881046617759824,6864
2024-08-10,23,108.79807185918196,0.01658254410290839,6561
2024-08-11,0,107.77067911538339,0.016857606619018205,6393
2024-08-11,1,115.79672862067417,0.018887086710271436,6131
2024-08-11,2,116.17778480371967,0.01920928981542984,6048
2024-08-11,3,92.79942670190158,0.016711584135044404,5553
2024-08-11,4,86.4233034784105,0.016929148575594615,5105
2024-08-11,5,77.56270584865221,0.01673774403294178,4634
2024-08-11,6,93.88458141786208,0.018829639273538323,4986
2024-08-11,7,115.77823202443882,0.021325885434599158,5429
2024-08-11,8,91.28738590522492,0.015580711026664093,5859
2024-08-11,9,118.71712828633585,0.018704447500604356,6347
2024-08-11,10,91.64096173263971,0.014089938765781013,6504
2024-08-11,11,141.73560267976217,0.020791492251688744,6817
2024-08-11,12,119.1285773131609,0.017160555648683507,6942
2024-08-11,13,130.1741699931734,0.018280321583088528,7121
2024-08-11,14,137.34251084121965,0.01906475719617152,7204
2024-08-11,15,112.0875169038063,0.015492400401355398,7235
2024-08-11,16,102.81949102143507,0.014461250495279195,7110
2024-08-11,17,119.30598822694941,0.016499237757841158,7231
2024-08-11,18,110.61222057839943,0.015444320103099613,7162
2024-08-11,19,100.76103003140925,0.014084572271653516,7154
2024-08-11,20,119.61135487600001,0.016818244498875142,7112
2024-08-11,21,122.21538859461698,0.017865135008714658,6841
2024-08-11,22,116.42032568809054,0.018156632203382806,6412
2024-08-11,23,84.78619016592354,0.01468922213546839,5772
2024-08-12,0,107.62018703812423,0.02078010948795602,5179
2024-08-12,1,82.57385270488784,0.017815286451971488,4635
2024-08-12,2,75.52305646841472,0.019958524436684652,3784
2024-08-12,3,45.64934538104254,0.013870964868138115,3291
2024-08-12,4,54.43746601945282,0.01566545784732455,3475
2024-08-12,5,76.59734642461183,0.016024549461215863,4780
2024-08-12,6,91.17289214390267,0.01396643568380862,6528
2024-08-12,7,110.6932584818808,0.015138574737675164,7312
2024-08-12,8,114.40101010277507,0.014884336469265557,7686
2024-08-12,9,120.16110780813524,0.015528703516171522,7738
2024-08-12,10,100.3385189176483,0.013332250719857601,7526
2024-08-12,11,141.55992606948942,0.01889733360959677,7491
2024-08-12,12,121.73780402159338,0.016109276699959426,7557
2024-08-12,13,109.80299990333376,0.013939697842241177,7877
2024-08-12,14,106.52058456671386,0.013492157639862428,7895
2024-08-12,15,122.36602031834467,0.015904083742961355,7694
2024-08-12,16,121.06194939617619,0.015720289494374262,7701
2024-08-12,17,136.78258825187038,0.017507050844985328,7813
2024-08-12,18,108.30972947676683,0.013696222746176889,7908
2024-08-12,19,145.033271673793,0.0186178782636448,7790
2024-08-12,20,111.5388088329701,0.015109565000402345,7382
2024-08-12,21,113.85260405804947,0.01639818580700698,6943
2024-08-12,22,116.03466798413704,0.017709808910887827,6552
2024-08-12,23,103.1147229681275,0.01806811336396136,5707
2024-08-13,0,101.07038285087097,0.019899661911965145,5079
2024-08-13,1,76.24201802659651,0.01785945608493711,4269
2024-08-13,2,71.3502737288959,0.018489316851229825,3859
2024-08-13,3,62.057582129999474,0.017951282074052496,3457
2024-08-13,4,57.563083417566624,0.016455998689984742,3498
2024-08-13,5,80.62643078431722,0.017712309047521357,4552
2024-08-13,6,92.26555964807821,0.014262723705066966,6469
2024-08-13,7,101.30553247404343,0.01389079013767221,7293
2024-08-13,8,98.06075205474859,0.012799993741645815,7661
2024-08-13,9,104.96855234560907,0.01362343314024777,7705
2024-08-13,10,101.08235943061598,0.013069868041196791,7734
2024-08-13,11,131.88147874587827,0.017289129358400403,7628
2024-08-13,12,116.80332189012599,0.015149587793790659,7710
2024-08-13,13,98.47258154271145,0.012403650528115815,7939
2024-08-13,14,127.70660679083484,0.0162249532195191,7871
2024-08-13,15,120.86296407479541,0.015635571031668228,7730
2024-08-13,16,98.64665367125195,0.012677888918037778,7781
2024-08-13,17,131.20685733710735,0.016718508835003486,7848
2024-08-13,18,107.10855867212756,0.013425489931327094,7978
2024-08-13,19,102.49203728804655,0.013038040616721352,7861
2024-08-13,20,96.46561521051619,0.01288957979830521,7484
2024-08-13,21,103.67645793308196,0.014739331523042645,7034
2024-08-13,22,103.51821524201233,0.01602697247902343,6459
2024-08-13,23,93.28006014506995,0.015385132796481932,6063
2024-08-14,0,93.80585415393543,0.017504357931318423,5359
2024-08-14,1,74.88033800546233,0.016493466521026946,4540
2024-08-14,2,75.76671221259426,0.01909924683957506,3967
2024-08-14,3,59.628264606167924,0.017435165089522784,3420
2024-08-14,4,62.7183566439115,0.017112784896019508,3665
2024-08-14,5,82.29411027361492,0.018464013972092196,4457
2024-08-14,6,78.56640377314551,0.012055608987746741,6517
2024-08-14,7,82.04654309328005,0.011112900324160917,7383
2024-08-14,8,92.22228517932501,0.012145698034943371,7593
2024-08-14,9,87.6534721737526,0.01133792163675496,7731
2024-08-14,10,114.80043838561006,0.01492465397628836,7692
2024-08-14,11,146.43103747650153,0.019076477003191965,7676
2024-08-14,12,137.51165999493267,0.01767729271049398,7779
2024-08-14,13,110.78862086606827,0.01393217063205084,7952
2024-08-14,14,114.76296282825516,0.014504924523288063,7912
2024-08-14,15,119.05077373307188,0.015079262030788078,7895
2024-08-14,16,110.80639240339526,0.014275495027492304,7762
2024-08-14,17,95.81623009039481,0.012167140328939023,7875
2024-08-14,18,111.19279444369404,0.014035949816169407,7922
2024-08-14,19,116.10327238094312,0.014795880257543408,7847
2024-08-14,20,121.11418643281684,0.01624167713997812,7457
2024-08-14,21,109.31855921183009,0.015366679675545416,7114
2024-08-14,22,127.2460057501484,0.018946695317175164,6716
2024-08-14,23,107.3797743398501,0.016977039421320173,6325
2024-08-15,0,114.99319761820051,0.020170706475741186,5701
2024-08-15,1,97.26336980808215,0.018838537634724414,5163
2024-08-15,2,88.9456919111733,0.020023793766585616,4442
2024-08-15,3,92.19247926523595,0.02358467108345765,3909
2024-08-15,4,74.42165888872084,0.019952187369630253,3730
2024-08-15,5,71.56146354848885,0.015232325148677915,4698
2024-08-15,6,86.90525046691013,0.013538752214816971,6419
2024-08-15,7,83.52501178245313,0.011416759401647504,7316
2024-08-15,8,87.92700049591478,0.0113703608555431,7733
2024-08-15,9,105.78840829707154,0.013621994372530458,7766
2024-08-15,10,106.24680554141538,0.013959638095048665,7611
2024-08-15,11,109.70614143966945,0.014307008534124864,7668
2024-08-15,12,113.93076780299371,0.014495008626335078,7860
2024-08-15,13,123.85006390461052,0.015518113507657,7981
2024-08-15,14,109.70902299197867,0.013817257303775652,7940
2024-08-15,15,118.99080766536035,0.01511570219326224,7872
2024-08-15,16,107.27686718368429,0.013579350276415733,7900
2024-08-15,17,108.34232545473762,0.013497237505261944,8027
2024-08-15,18,111.87443510479346,0.013885371118877183,8057
2024-08-15,19,107.1048710821148,0.01341830006040025,7982
2024-08-15,20,119.9410435368512,0.01572997292286573,7625
2024-08-15,21,125.30589535892427,0.017389105656248165,7206
2024-08-15,22,101.64580403622942,0.01485832539632063,6841
2024-08-15,23,105.3287366585659,0.016522154769971122,6375
2024-08-16,0,84.62840800163596,0.014697535255581097,5758
2024-08-16,1,72.80133957938018,0.013754267821534136,5293
2024-08-16,2,80.75963793924711,0.017117345896406764,4718
2024-08-16,3,71.22269787034145,0.017022633334211626,4184
2024-08-16,4,80.78542658031043,0.019532259811487047,4136
2024-08-16,5,71.81713607174518,0.015551566927619139,4618
2024-08-16,6,94.44027977007183,0.014821136184882584,6372
2024-08-16,7,105.30614148760559,0.014520979245395145,7252
2024-08-16,8,105.39968341132413,0.013647505297335768,7723
2024-08-16,9,119.24744188467996,0.015474622616750578,7706
2024-08-16,10,115.95513326520647,0.015031777711330888,7714
2024-08-16,11,121.31622971741169,0.015763543362449544,7696
2024-08-16,12,102.10052363584967,0.013011408644813262,7847
2024-08-16,13,121.90005940294364,0.015294863162226304,7970
2024-08-16,14,110.32335284045674,0.013723516959877688,8039
2024-08-16,15,133.7474726988188,0.01679822565923371,7962
2024-08-16,16,123.32384401011596,0.015510482204768703,7951
2024-08-16,17,105.45995402229765,0.013208912076941089,7984
2024-08-16,18,124.63611644496366,0.015423353105427999,8081
2024-08-16,19,120.43507294664019,0.015189188163279126,7929
2024-08-16,20,116.52395892256024,0.01494855149744198,7795
2024-08-16,21,107.9890228126702,0.014371709184544876,7514
2024-08-16,22,109.68757255899466,0.015315215381038071,7162
2024-08-16,23,113.15933408527114,0.01659471096719037,6819
2024-08-17,0,84.33651409859017,0.013260458191602228,6360
2024-08-17,1,103.85972518566413,0.01692077634175043,6138
2024-08-17,2,102.1610770877767,0.017493335117769983,5840
2024-08-17,3,84.59744330940676,0.015892812945595858,5323
2024-08-17,4,76.47587259705621,0.015863072515464885,4821
2024-08-17,5,82.19148624335308,0.017126794382861656,4799
2024-08-17,6,97.55789716775716,0.01817058989900487,5369
2024-08-17,7,117.3636243839679,0.018318030963628516,6407
2024-08-17,8,117.2229539927083,0.01664862292184467,7041
2024-08-17,9,116.43856927747282,0.015595843728565874,7466
2024-08-17,10,119.199495309216,0.015729677396307207,7578
2024-08-17,11,94.56382765807233,0.012356438998833442,7653
2024-08-17,12,119.55268895288681,0.015344973553187886,7791
2024-08-17,13,118.92695206043516,0.015136432742832526,7857
2024-08-17,14,128.7027955110031,0.016376484986767158,7859
2024-08-17,15,108.64962291565155,0.013995829307696966,7763
2024-08-17,16,115.89745030613459,0.01502819635712326,7712
2024-08-17,17,107.29811187856275,0.01409962048338538,7610
2024-08-17,18,118.38325542087924,0.015624027375066548,7577
2024-08-17,19,115.55501681597988,0.015063879131271005,7671
2024-08-17,20,151.3760940397582,0.02012177243649584,7523
2024-08-17,21,125.76037921540679,0.01698087756081647,7406
2024-08-17,22,121.81769882351765,0.01722535334042953,7072
2024-08-17,23,105.72836358418098,0.015689028577560615,6739
2024-08-18,0,117.05202925705888,0.01789239212122575,6542
2024-08-18,1,90.07449114989912,0.01445122591848213,6233
2024-08-18,2,106.12091471231456,0.016844589636875327,6300
2024-08-18,3,86.96768412630598,0.01498151320005271,5805
2024-08-18,4,90.30720842487888,0.016767027186201055,5386
2024-08-18,5,110.73202604572046,0.02139335897328448,5176
2024-08-18,6,95.45089435050564,0.01786132005061857,5344
2024-08-18,7,114.65711281491694,0.019898839433342058,5762
2024-08-18,8,108.47360180232982,0.01783811902685904,6081
2024-08-18,9,98.31815628698553,0.014878655612437277,6608
2024-08-18,10,102.96278412668585,0.01505523967344434,6839
2024-08-18,11,127.57967041580733,0.017986701031412283,7093
2024-08-18,12,110.13199176977189,0.015279133153408975,7208
2024-08-18,13,105.33117566741349,0.014379682684971124,7325
2024-08-18,14,101.50481278922558,0.013663321145406594,7429
2024-08-18,15,123.0120625443205,0.016395050319115086,7503
2024-08-18,16,121.53855435788347,0.01633582719864025,7440
2024-08-18,17,114.19349553417142,0.015490164885264706,7372
2024-08-18,18,119.18690181457815,0.016086773088753968,7409
2024-08-18,19,128.81941267098784,0.017552720080527027,7339
2024-08-18,20,105.87112251382638,0.014510844642794186,7296
2024-08-18,21,120.2306989587837,0.017455095667651525,6888
2024-08-18,22,104.45688748040942,0.016072763114388277,6499
2024-08-18,23,106.48456537435067,0.017981182940619834,5922
2024-08-19,0,103.41503569907374,0.020037790292399486,5161
2024-08-19,1,92.05839479627107,0.019107180323011844,4818
2024-08-19,2,68.66586776945896,0.01661807061216335,4132
2024-08-19,3,63.19057347101133,0.0167392247605328,3775
2024-08-19,4,66.52487391829939,0.01736488486512644,3831
2024-08-19,5,81.79875120627158,0.01680335891665398,4868
2024-08-19,6,84.45831075362646,0.013173968297243249,6411
2024-08-19,7,94.23382576169234,0.012899907701805933,7305
2024-08-19,8,94.49077956748646,0.0123517358911747,7650
2024-08-19,9,101.60432987535857,0.01326946974994888,7657
2024-08-19,10,111.23737036043569,0.014704212869852702,7565
2024-08-19,11,125.8521813325189,0.01645341630703607,7649
2024-08-19,12,131.34028551496513,0.017168664773198058,7650
2024-08-19,13,115.55701577163636,0.01482830947922961,7793
2024-08-19,14,114.67421552841617,0.014558107849233995,7877
2024-08-19,15,117.46460314638057,0.015129392471197909,7764
2024-08-19,16,102.67515520223692,0.013072976216225735,7854
2024-08-19,17,117.1092464206339,0.014867239611607705,7877
2024-08-19,18,111.31145882489281,0.014154559870917193,7864
2024-08-19,19,105.3964610693138,0.013795348307501806,7640
2024-08-19,20,91.86280840089623,0.012537574505376856,7327
2024-08-19,21,103.99565049386813,0.014980646858811312,6942
2024-08-19,22,100.96400312632079,0.015433201333891897,6542
2024-08-19,23,84.9447485449519,0.014701410270846644,5778
2024-08-20,0,89.63110774612255,0.01705959416561145,5254
2024-08-20,1,80.50246467894324,0.017913321023351855,4494
2024-08-20,2,72.19649307456916,0.020065729036845236,3598
2024-08-20,3,60.3373907757667,0.01941357489567783,3108
2024-08-20,4,53.68772191282125,0.015123301947273592,3550
2024-08-20,5,73.60169475360127,0.01569667194574563,4689
2024-08-20,6,92.10184474259901,0.014076393816689441,6543
2024-08-20,7,92.73779291887774,0.012605381666287583,7357
2024-08-20,8,94.52592893007713,0.012260172364471742,7710
2024-08-20,9,101.95436913744814,0.01305266536134274,7811
2024-08-20,10,105.10118161435155,0.013681486802180624,7682
2024-08-20,11,128.08999096754263,0.01668707542568299,7676
2024-08-20,12,96.66259945104176,0.012456520547814659,7760
2024-08-20,13,95.56399815988094,0.012043352005025954,7935
2024-08-20,14,120.3039485019315,0.015284455406165862,7871
2024-08-20,15,101.8997554963857,0.013165343087388332,7740
2024-08-20,16,97.05107712063183,0.012479243554150936,7777
2024-08-20,17,93.99186446222504,0.012034809790297701,7810
2024-08-20,18,113.88400742615234,0.014283708444268448,7973
2024-08-20,19,124.59292279678917,0.015705650169770474,7933
2024-08-20,20,125.16613356983204,0.016497447419247666,7587
2024-08-20,21,105.5446535665849,0.014602193354535819,7228
2024-08-20,22,100.63742709606373,0.015428089390780888,6523
2024-08-20,23,100.16956171704416,0.016483390113056468,6077
2024-08-21,0,82.41369684940402,0.015169095683674584,5433
2024-08-21,1,83.59172468673299,0.017310359222765165,4829
2024-08-21,2,82.51107751357057,0.01911305941940481,4317
2024-08-21,3,72.9426359097135,0.019773010547496205,3689
2024-08-21,4,70.09239694497681,0.01854786899840614,3779
2024-08-21,5,75.51243326626432,0.01621134247880299,4658
2024-08-21,6,82.59604844176886,0.012913703633797508,6396
2024-08-21,7,83.74376853382797,0.01161816988538124,7208
2024-08-21,8,86.45467955214937,0.011102437338146831,7787
2024-08-21,9,89.03713458086081,0.011554260911090165,7706
2024-08-21,10,92.86128540731958,0.012143492272436196,7647
2024-08-21,11,133.39477471823784,0.01749439668435906,7625
2024-08-21,12,107.2569931575788,0.013772084380788238,7788
2024-08-21,13,107.14214190243709,0.013582928740166974,7888
2024-08-21,14,131.43767854802667,0.01666299170233604,7888
2024-08-21,15,114.68585718686082,0.01468825015200574,7808
2024-08-21,16,119.82455975571378,0.015277898732081319,7843
2024-08-21,17,142.6745572284299,0.018291609901080755,7800
2024-08-21,18,103.61516492226137,0.01285069638128009,8063
2024-08-21,19,106.22089577351815,0.013550312000703935,7839
2024-08-21,20,123.0569105141314,0.016275216309235736,7561
2024-08-21,21,93.69355938141727,0.0131094948064107,7147
2024-08-21,22,118.79835629881183,0.018095713069125944,6565
2024-08-21,23,110.3859238228323,0.017633534157001963,6260
2024-08-22,0,120.2469161117649,0.02179570710744334,5517
2024-08-22,1,83.21680171109547,0.017668110766686937,4710
2024-08-22,2,66.10130170538855,0.015783500884763265,4188
2024-08-22,3,78.21264083425454,0.020069961722929058,3897
2024-08-22,4,48.653558938532825,0.013318795219965186,3653
2024-08-22,5,65.36165539839831,0.01442543707755425,4531
2024-08-22,6,88.76495438307309,0.013768412344202433,6447
2024-08-22,7,97.68410417729014,0.013471811360817838,7251
2024-08-22,8,82.31914387151366,0.010725621351337285,7675
2024-08-22,9,104.4431137147462,0.013527148518941354,7721
2024-08-22,10,118.52336400313533,0.015336874224008194,7728
2024-08-22,11,115.14479996534723,0.015028034451232998,7662
2024-08-22,12,107.07050135864414,0.013803081263200224,7757
2024-08-22,13,107.38238787911612,0.01365840598818572,7862
2024-08-22,14,126.82430378300225,0.016220015831052852,7819
2024-08-22,15,118.95556808822049,0.015211709474196993,7820
2024-08-22,16,99.71775733363368,0.012865147378871589,7751
2024-08-22,17,110.96866275338374,0.014307460385944267,7756
2024-08-22,18,106.57264452260576,0.013308272293032686,8008
2024-08-22,19,107.2792520754354,0.013559056126824494,7912
2024-08-22,20,112.0763612184462,0.014750771415957646,7598
2024-08-22,21,112.94542778302049,0.015425488634665458,7322
2024-08-22,22,123.86501791486309,0.01814074661904849,6828
2024-08-22,23,109.38243554620992,0.017011265248244156,6430
2024-08-23,0,100.61012582664132,0.017439786068060553,5769
2024-08-23,1,112.99971130702157,0.021664055081867632,5216
2024-08-23,2,84.35734209190933,0.017567126633050673,4802
2024-08-23,3,66.56759343620423,0.016738142679457942,3977
2024-08-23,4,73.67406005085034,0.01822713014617772,4042
2024-08-23,5,89.09891494897266,0.01902197159457145,4684
2024-08-23,6,89.61829932640501,0.01406880680163344,6370
2024-08-23,7,102.89877842270627,0.014224326572118645,7234
2024-08-23,8,101.26212218990574,0.013079581786347938,7742
2024-08-23,9,106.74628416716376,0.013692442812617209,7796
2024-08-23,10,113.970319879326,0.014520361814157981,7849
2024-08-23,11,113.06371419607757,0.01446197418727009,7818
2024-08-23,12,104.42742656506258,0.013525116767913816,7721
2024-08-23,13,105.00521512687278,0.013711832740516164,7658
2024-08-23,14,118.30544432617461,0.015182936900176414,7792
2024-08-23,15,128.55293150997247,0.01635533479770642,7860
2024-08-23,16,108.45672895364305,0.013730437897663381,7899
2024-08-23,17,114.91750286737513,0.01426306353076519,8057
2024-08-23,18,119.3433253218581,0.014810539255628953,8058
2024-08-23,19,122.24040254721697,0.015455860734254263,7909
2024-08-23,20,122.24241464132312,0.015948129764034327,7665
2024-08-23,21,118.13470963164293,0.0157491947249224,7501
2024-08-23,22,125.90815456567472,0.017874525066109415,7044
2024-08-23,23,110.86385571652839,0.0160416518183372,6911
2024-08-24,0,121.31779550474987,0.018550121636811905,6540
2024-08-24,1,114.63577797592531,0.01882360886304192,6090
2024-08-24,2,87.61215351121317,0.015608792715341737,5613
2024-08-24,3,89.63201826963152,0.017226987943423318,5203
2024-08-24,4,72.90093411939682,0.015412459644692775,4730
2024-08-24,5,82.16000528870399,0.016634947416218664,4939
2024-08-24,6,100.25588093689731,0.01792844795008893,5592
2024-08-24,7,106.23194644224719,0.016442028547012412,6461
2024-08-24,8,98.74256032497725,0.014316740658978868,6897
2024-08-24,9,83.59775754320724,0.011406434376205109,7329
2024-08-24,10,121.61541941841242,0.016213227492122707,7501
2024-08-24,11,129.36628018268996,0.016720470490201624,7737
2024-08-24,12,102.55925444336941,0.013061545395232986,7852
2024-08-24,13,121.67966916005943,0.01545531171853924,7873
2024-08-24,14,122.91648197295021,0.01573431668880571,7812
2024-08-24,15,99.4348806876335,0.012940510240452043,7684
2024-08-24,16,137.35232385702355,0.017821762534971267,7707
2024-08-24,17,106.14665079298041,0.013968502538884117,7599
2024-08-24,18,107.25339938363604,0.014327197352876842,7486
2024-08-24,19,116.48252196556686,0.015446561724647508,7541
2024-08-24,20,132.29651381820608,0.017710376682490772,7470
2024-08-24,21,111.23439815983781,0.015323653142283759,7259
2024-08-24,22,119.98271720829679,0.017055112609565996,7035
2024-08-24,23,118.07769380805739,0.017016528866991985,6939
2024-08-25,0,118.52777988672881,0.018154048075774056,6529
2024-08-25,1,108.38473383504557,0.01755502653628856,6174
2024-08-25,2,112.49540649386505,0.01900581288965451,5919
2024-08-25,3,96.98681993817112,0.018121603127460972,5352
2024-08-25,4,80.45961737849922,0.0165113107692385,4873
2024-08-25,5,83.25044221460402,0.0168454961988272,4942
2024-08-25,6,90.87233391868392,0.017593869103326994,5165
2024-08-25,7,96.72824891099765,0.017199190773648232,5624
2024-08-25,8,110.84864666197652,0.018349386966061334,6041
2024-08-25,9,106.1450665800223,0.016482153195655637,6440
2024-08-25,10,108.07260224082214,0.015977617126082515,6764
2024-08-25,11,97.90123529329476,0.013977903382823353,7004
2024-08-25,12,110.04314671845464,0.015373448829066029,7158
2024-08-25,13,92.42076741944732,0.012613725592936716,7327
2024-08-25,14,99.39795265824465,0.01350332192069619,7361
2024-08-25,15,139.65707196842322,0.018633365172571477,7495
2024-08-25,16,102.75233267369171,0.013991330701755407,7344
2024-08-25,17,107.58317038613689,0.014425203859766277,7458
2024-08-25,18,124.94048534875071,0.016950276129256644,7371
2024-08-25,19,108.08657271848762,0.015047552933104221,7183
2024-08-25,20,128.8345302217162,0.01772383136906262,7269
2024-08-25,21,116.17221935617066,0.01691499990625665,6868
2024-08-25,22,136.01518372079317,0.02081015662802833,6536
2024-08-25,23,106.02679171680944,0.018170829771518328,5835
2024-08-26,0,81.18284231140667,0.014841470258026814,5470
2024-08-26,1,105.66835358906474,0.021644480456588434,4882
2024-08-26,2,70.0359857567346,0.0171741014607,4078
2024-08-26,3,80.30888420851815,0.022445188431670808,3578
2024-08-26,4,53.92390707969848,0.01518128014631151,3552
2024-08-26,5,85.27852966704249,0.01736126418302982,4912
2024-08-26,6,96.9667636230873,0.01453556642528666,6671
2024-08-26,7,122.73870648373581,0.016261089889207183,7548
2024-08-26,8,90.84581360316923,0.0117614983950245,7724
2024-08-26,9,114.66836920586543,0.01486304202279526,7715
2024-08-26,10,120.16333076104378,0.01574879826488123,7630
2024-08-26,11,106.05988388945589,0.01405325081349621,7547
2024-08-26,12,142.49088814175198,0.018447810479253233,7724
2024-08-26,13,114.38167587692567,0.0146174665657413,7825
2024-08-26,14,104.17553014961725,0.013143518817766495,7926
2024-08-26,15,107.26971274126484,0.013963774113676755,7682
2024-08-26,16,108.39410697406845,0.013943157573201498,7774
2024-08-26,17,118.15586144645934,0.014962119975491876,7897
2024-08-26,18,107.56977276735614,0.013736403111653191,7831
2024-08-26,19,103.99943414878982,0.013509929091814733,7698
2024-08-26,20,117.23911602363602,0.01593788961713377,7356
2024-08-26,21,113.72617124561553,0.01663392880585279,6837
2024-08-26,22,110.7554984983322,0.017532926784602217,6317
2024-08-26,23,116.22682692839996,0.020556566488928184,5654
2024-08-27,0,79.33825845710147,0.016247851414520065,4883
2024-08-27,1,75.9389466034941,0.018796768961260917,4040
2024-08-27,2,82.77765691068139,0.021974424451999305,3767
2024-08-27,3,62.41531266397932,0.01844969336801044,3383
2024-08-27,4,51.98275395042624,0.015370418081143183,3382
2024-08-27,5,83.1644455967624,0.017642012218235553,4714
2024-08-27,6,101.16387939600845,0.015002799851106103,6743
2024-08-27,7,98.3819404418363,0.013058394006083928,7534
2024-08-27,8,76.53393745019714,0.009876621170499051,7749
2024-08-27,9,115.0131900599292,0.014732059697698117,7807
2024-08-27,10,114.35459123943453,0.014880233082554916,7685
2024-08-27,11,109.56722125834143,0.014135881984046115,7751
2024-08-27,12,121.06607596902838,0.015645654687132124,7738
2024-08-27,13,111.61752156288871,0.014034643727258734,7953
2024-08-27,14,100.59828220252012,0.012854367774408399,7826
2024-08-27,15,109.84667558710932,0.014117295410244098,7781
2024-08-27,16,124.28608117716223,0.015774347147755073,7879
2024-08-27,17,98.66416516171438,0.012201850749655501,8086
2024-08-27,18,85.92458746977039,0.010619773510044542,8091
2024-08-27,19,86.54440735469389,0.0106411419346728,8133
2024-08-27,20,110.32160073688564,0.014455136364895918,7632
2024-08-27,21,108.44888846269137,0.015488273130918506,7002
2024-08-27,22,122.56142177004176,0.018643355912692693,6574
2024-08-27,23,90.64724551438043,0.015471453407472338,5859
2024-08-28,0,82.02009813205868,0.016132985470507216,5084
2024-08-28,1,95.28312421050248,0.01952923226286175,4879
2024-08-28,2,95.20897341938803,0.024494204635808602,3887
2024-08-28,3,67.87856727148537,0.019697785046861684,3446
2024-08-28,4,71.2597409250074,0.020067513637005745,3551
2024-08-28,5,77.99404458149928,0.01694049621665927,4604
2024-08-28,6,87.19093071290922,0.013358500185829512,6527
2024-08-28,7,83.26897467236182,0.0111307278000751,7481
2024-08-28,8,111.64447571553657,0.014256732947967893,7831
2024-08-28,9,95.0673031831881,0.012161609720249213,7817
2024-08-28,10,97.10907832627761,0.012692338037678422,7651
2024-08-28,11,106.53528531482513,0.0138267729156165,7705
2024-08-28,12,120.27625488505339,0.015331581247298075,7845
2024-08-28,13,98.44005182602409,0.012401115120436393,7938
2024-08-28,14,103.04517760953568,0.013022264325734322,7913
2024-08-28,15,114.7612039919432,0.014608096231153667,7856
2024-08-28,16,118.27879250726214,0.014975790390891636,7898
2024-08-28,17,107.70598236906483,0.013539406960284705,7955
2024-08-28,18,96.75445532492743,0.012178030877901503,7945
2024-08-28,19,104.63500395431275,0.013387283003366524,7816
2024-08-28,20,125.69491177130182,0.01673032234411045,7513
2024-08-28,21,118.30891429449507,0.016532827598448166,7156
2024-08-28,22,108.15694049461216,0.01663696977305217,6501
2024-08-28,23,107.1600678100307,0.017659866151949685,6068
2024-08-29,0,100.68130913002192,0.01742795726675124,5777
2024-08-29,1,86.20995011223712,0.01689066420694301,5104
2024-08-29,2,75.34895057102943,0.017179423294808354,4386
2024-08-29,3,65.71629782259484,0.0172574311508915,3808
2024-08-29,4,52.70678500938262,0.014002865305362013,3764
2024-08-29,5,68.47642675058371,0.015163070582503036,4516
2024-08-29,6,106.08341372484874,0.015935618705850793,6657
2024-08-29,7,84.6957441175934,0.01129577808983641,7498
2024-08-29,8,98.27446140463555,0.012641428017061428,7774
2024-08-29,9,106.97246849347938,0.013632275837068865,7847
2024-08-29,10,135.15976997642022,0.017381657661576674,7776
2024-08-29,11,109.8340127430593,0.014425270914507396,7614
2024-08-29,12,95.763668633677,0.012203857351048427,7847
2024-08-29,13,102.68077371094701,0.012868877517351423,7979
2024-08-29,14,122.07601746933689,0.015519453021781959,7866
2024-08-29,15,109.40904093862991,0.01390557205625698,7868
2024-08-29,16,119.40453367125976,0.015127902403555018,7893
2024-08-29,17,121.63183023177281,0.01534205729462321,7928
2024-08-29,18,112.56583297675574,0.01409892697604656,7984
2024-08-29,19,106.86190123659217,0.013580111988383806,7869
2024-08-29,20,123.12944690974895,0.016308536014536284,7550
2024-08-29,21,91.0454249081614,0.012601442893863168,7225
2024-08-29,22,105.70068686742906,0.015890061164676648,6652
2024-08-29,23,99.61478078870603,0.015779309486568357,6313
2024-08-30,0,89.14865620170143,0.015930782023177523,5596
2024-08-30,1,105.3895313607649,0.019892323775153813,5298
2024-08-30,2,76.15438838819975,0.016265354205083245,4682
2024-08-30,3,81.60667709130898,0.020670384268315346,3948
2024-08-30,4,74.37810838867235,0.018631790678525138,3992
2024-08-30,5,75.39247498106323,0.016061456110154075,4694
2024-08-30,6,88.89550256414923,0.013532577647153177,6569
2024-08-30,7,103.51407951118888,0.013838780683314022,7480
2024-08-30,8,110.38292892043131,0.01417892471681841,7785
2024-08-30,9,110.06047411362265,0.014221536905753023,7739
2024-08-30,10,117.04830752952485,0.01505444469833117,7775
2024-08-30,11,102.92923234529927,0.013298350432209208,7740
2024-08-30,12,124.39751725011959,0.01589947817614003,7824
2024-08-30,13,89.36573366043477,0.011179101033329343,7994
2024-08-30,14,101.75380795151207,0.0126057740276898,8072
2024-08-30,15,112.94322869651374,0.014144424382781934,7985
2024-08-30,16,101.9565266416561,0.012786120722555317,7974
2024-08-30,17,108.94023706305144,0.013668787586330168,7970
2024-08-30,18,114.29769898163595,0.014349993594681223,7965
2024-08-30,19,101.04192942614478,0.012733702511171365,7935
2024-08-30,20,125.07976303039355,0.01613724203720727,7751
2024-08-30,21,100.55243629433089,0.013569829459423872,7410
2024-08-30,22,113.55123939951882,0.016270416879140107,6979
2024-08-30,23,121.35092129303126,0.018198998394275835,6668
2024-08-31,0,111.22647304489591,0.017370993759940015,6403
2024-08-31,1,103.30722879180271,0.01720926683188451,6003
2024-08-31,2,95.44103136414323,0.016575378840594516,5758
2024-08-31,3,86.15719068670533,0.01668742798502912,5163
2024-08-31,4,80.5266462463397,0.01617325692836708,4979
2024-08-31,5,85.28797519434508,0.017786856140635052,4795
2024-08-31,6,79.45690771223333,0.01438394419120806,5524
2024-08-31,7,103.55978268001016,0.016201467878599836,6392
2024-08-31,8,113.37702904404705,0.015876912063303047,7141
2024-08-31,9,103.72985672085382,0.013888051509017783,7469
2024-08-31,10,101.43921548365269,0.013345509207163885,7601
2024-08-31,11,95.71954055693816,0.012656292550170324,7563
2024-08-31,12,108.27972043974547,0.013835895788365126,7826
2024-08-31,13,121.20198145822206,0.015218731976170526,7964
2024-08-31,14,131.67793385629545,0.01635750731134105,8050
2024-08-31,15,147.75639526920878,0.01881528018199526,7853
2024-08-31,16,118.52682133741007,0.015184066274328731,7806
2024-08-31,17,116.70884048508523,0.015220245238013201,7668
2024-08-31,18,131.8257523325097,0.017200646181172976,7664
2024-08-31,19,138.96550205001105,0.018270510393112154,7606
2024-08-31,20,112.09479694707113,0.014910188473938699,7518
2024-08-31,21,108.25493835519814,0.014682617435941698,7373
2024-08-31,22,110.68924233406409,0.015729606698033836,7037
2024-08-31,23,110.9852538822405,0.01662202394522098,6677
